<?xml version="1.0" encoding="UTF-8"?>
<beans xmlns="http://www.springframework.org/schema/beans"
       xmlns:context="http://www.springframework.org/schema/context"
       xmlns:xsi="http://www.w3.org/2001/XMLSchema-instance"
       xmlns:p="http://www.springframework.org/schema/p"
       xsi:schemaLocation="http://www.springframework.org/schema/beans http://www.springframework.org/schema/beans/spring-beans.xsd
            http://www.springframework.org/schema/context http://www.springframework.org/schema/context/spring-context.xsd">



    <context:property-placeholder location="/resources/jdbc.properties"/>

    <bean id="dataSource" class="org.springframework.jdbc.datasource.DriverManagerDataSource">
        <property name="driverClassName" value="${jdbc.driverClassName}"/>
        <property name="url" value="${jdbc.url}"/>
        <property name="username" value="${jdbc.username}"/>
        <property name="password" value="${jdbc.password}"/>
    </bean>

    <!-- dbcp and c3p0 can use connection pooling  -->

    <bean id="dbcpDataSource" class="org.apache.commons.dbcp2.BasicDataSource">
        <property name="driverClassName" value="${dbcp.jdbc.driverClassName}"/>
        <property name="url" value="${dbcp.jdbc.url}"/>
        <property name="username" value="${dbcp.jdbc.username}"/>
        <property name="password" value="${dbcp.jdbc.password}"/>
        <property name="initialSize" value="${dbcp.jdbc.initPoolSize}"/>
        <property name="maxTotal" value="${dbcp.jdbc.maxPoolSize}"/>
    </bean>

    <bean id="c3p0DataSource" class="com.mchange.v2.c3p0.ComboPooledDataSource">
        <property name="driverClass" value="${c3p0.jdbc.driverClassName}"/>
        <property name="jdbcUrl" value="${c3p0.jdbc.url}"/>
        <property name="user" value="${c3p0.jdbc.username}"/>
        <property name="password" value="${c3p0.jdbc.password}"/>
        <property name="initialPoolSize" value="${c3p0.jdbc.initialSize}"/>
        <property name="maxPoolSize" value="${c3p0.jdbc.maxActive}"/>
    </bean>

    <bean id="dataSourceP" class="org.springframework.jdbc.datasource.DriverManagerDataSource"
        p:driverClassName="com.mysql.jdbc.Driver"
          p:url="${jdbc.url}"
          p:username="${jdbc.username}"
          p:password="${jdbc.password}"
    />


</beans>